<metadata xml:lang="en"><Esri><CreaDate>20150317</CreaDate><CreaTime>10072900</CreaTime><ArcGISFormat>1.0</ArcGISFormat><ArcGISstyle>ISO 19139 Metadata Implementation Specification</ArcGISstyle><SyncOnce>FALSE</SyncOnce><DataProperties><itemProps><itemName Sync="TRUE">Rwanda_SRTM30meters.tif</itemName><itemLocation><linkage Sync="TRUE">file://D:\Data\Rwanda\Raster\Raster\Rwanda_SRTM30meters.tif</linkage><protocol Sync="TRUE">Local Area Network</protocol></itemLocation><imsContentType Sync="TRUE" export="False">002</imsContentType><nativeExtBox><westBL Sync="TRUE">28.856528</westBL><eastBL Sync="TRUE">30.895972</eastBL><southBL Sync="TRUE">-2.839306</southBL><northBL Sync="TRUE">-1.044861</northBL><exTypeCode Sync="TRUE">1</exTypeCode></nativeExtBox></itemProps><coordRef><type Sync="TRUE">Geographic</type><geogcsn Sync="TRUE">GCS_WGS_1984</geogcsn><csUnits Sync="TRUE">Angular Unit: Degree (0.017453)</csUnits><peXml Sync="TRUE">&lt;GeographicCoordinateSystem xsi:type='typens:GeographicCoordinateSystem' xmlns:xsi='http://www.w3.org/2001/XMLSchema-instance' xmlns:xs='http://www.w3.org/2001/XMLSchema' xmlns:typens='http://www.esri.com/schemas/ArcGIS/10.1'&gt;&lt;WKT&gt;GEOGCS[&amp;quot;GCS_WGS_1984&amp;quot;,DATUM[&amp;quot;D_WGS_1984&amp;quot;,SPHEROID[&amp;quot;WGS_1984&amp;quot;,6378137.0,298.257223563]],PRIMEM[&amp;quot;Greenwich&amp;quot;,0.0],UNIT[&amp;quot;Degree&amp;quot;,0.0174532925199433],AUTHORITY[&amp;quot;EPSG&amp;quot;,4326]]&lt;/WKT&gt;&lt;XOrigin&gt;-400&lt;/XOrigin&gt;&lt;YOrigin&gt;-400&lt;/YOrigin&gt;&lt;XYScale&gt;11258999068426.238&lt;/XYScale&gt;&lt;ZOrigin&gt;-100000&lt;/ZOrigin&gt;&lt;ZScale&gt;10000&lt;/ZScale&gt;&lt;MOrigin&gt;-100000&lt;/MOrigin&gt;&lt;MScale&gt;10000&lt;/MScale&gt;&lt;XYTolerance&gt;8.983152841195215e-009&lt;/XYTolerance&gt;&lt;ZTolerance&gt;0.001&lt;/ZTolerance&gt;&lt;MTolerance&gt;0.001&lt;/MTolerance&gt;&lt;HighPrecision&gt;true&lt;/HighPrecision&gt;&lt;LeftLongitude&gt;-180&lt;/LeftLongitude&gt;&lt;WKID&gt;4326&lt;/WKID&gt;&lt;LatestWKID&gt;4326&lt;/LatestWKID&gt;&lt;/GeographicCoordinateSystem&gt;</peXml></coordRef><RasterProperties><General><PixelDepth Sync="TRUE">16</PixelDepth><HasColormap Sync="TRUE">FALSE</HasColormap><CompressionType Sync="TRUE">LZW</CompressionType><NumBands Sync="TRUE">1</NumBands><Format Sync="TRUE">TIFF</Format><HasPyramids Sync="TRUE">TRUE</HasPyramids><SourceType Sync="TRUE">continuous</SourceType><PixelType Sync="TRUE">signed integer</PixelType><NoDataValue Sync="TRUE">-32768</NoDataValue></General></RasterProperties></DataProperties><SyncDate>20150408</SyncDate><SyncTime>12205400</SyncTime><ModDate>20150408</ModDate><ModTime>12211200</ModTime><scaleRange><minScale>150000000</minScale><maxScale>5000</maxScale></scaleRange><ArcGISProfile>ISO19139</ArcGISProfile></Esri><dataIdInfo><envirDesc Sync="TRUE"> Version 6.2 (Build 9200) ; Esri ArcGIS 10.2.2.3552</envirDesc><dataLang><languageCode value="eng" Sync="TRUE"/><countryCode value="USA" Sync="TRUE"/></dataLang><idCitation><resTitle Sync="TRUE">Rwanda_SRTM30meters.tif</resTitle><presForm><PresFormCd value="005" Sync="TRUE"/></presForm></idCitation><spatRpType><SpatRepTypCd value="002" Sync="TRUE"/></spatRpType><dataExt><geoEle xmlns=""><GeoBndBox esriExtentType="search"><exTypeCode Sync="TRUE">1</exTypeCode><westBL Sync="TRUE">28.856528</westBL><eastBL Sync="TRUE">30.895972</eastBL><northBL Sync="TRUE">-1.044861</northBL><southBL Sync="TRUE">-2.839306</southBL></GeoBndBox></geoEle></dataExt><idAbs>&lt;DIV STYLE="text-align:Left;"&gt;&lt;DIV&gt;&lt;DIV&gt;&lt;P&gt;&lt;SPAN&gt;Data represents the Shuttle Radar Topography Mission (SRTM) 30 metres image for Rwanda.These SRTM was created through mosai&lt;/SPAN&gt;&lt;SPAN&gt;c&lt;/SPAN&gt;&lt;SPAN&gt;king tiles and clipping&lt;/SPAN&gt;&lt;/P&gt;&lt;P&gt;&lt;SPAN&gt;to the extent of the country.&lt;/SPAN&gt;&lt;/P&gt;&lt;P&gt;&lt;SPAN /&gt;&lt;/P&gt;&lt;/DIV&gt;&lt;/DIV&gt;&lt;/DIV&gt;</idAbs><searchKeys><keyword>hypsography</keyword><keyword>contour</keyword><keyword>relief</keyword><keyword>topography</keyword><keyword>elevation</keyword><keyword>altitude</keyword></searchKeys><idPurp>Digital Elevation Model (DEM) data</idPurp><idCredit>RCMRD Servir-Africa and National Aeronautics and Space
Administration (NASA)</idCredit><tpCat><TopicCatCd value="006"/></tpCat></dataIdInfo><mdLang><languageCode value="eng" Sync="TRUE"/><countryCode value="USA" Sync="TRUE"/></mdLang><mdChar><CharSetCd value="004" Sync="TRUE"/></mdChar><distInfo><distFormat><formatName Sync="TRUE">Raster Dataset</formatName></distFormat></distInfo><mdHrLv><ScopeCd value="005" Sync="TRUE"/></mdHrLv><mdHrLvName Sync="TRUE">dataset</mdHrLvName><refSysInfo><RefSystem><refSysID><identCode code="4326" Sync="TRUE"/><idCodeSpace Sync="TRUE">EPSG</idCodeSpace><idVersion Sync="TRUE">8.2.6</idVersion></refSysID></RefSystem></refSysInfo><spatRepInfo><Georect><cellGeo><CellGeoCd Sync="TRUE" value="002"/></cellGeo><numDims Sync="TRUE">2</numDims><tranParaAv Sync="TRUE">1</tranParaAv><chkPtAv Sync="TRUE">0</chkPtAv><cornerPts><pos Sync="TRUE">28.856528 -2.839306</pos></cornerPts><cornerPts><pos Sync="TRUE">28.856528 -1.044861</pos></cornerPts><cornerPts><pos Sync="TRUE">30.895972 -1.044861</pos></cornerPts><cornerPts><pos Sync="TRUE">30.895972 -2.839306</pos></cornerPts><centerPt><pos Sync="TRUE">29.876250 -1.942083</pos></centerPt><axisDimension type="002"><dimSize Sync="TRUE">7342</dimSize><dimResol><value Sync="TRUE" uom="Degree">0.000278</value></dimResol></axisDimension><axisDimension type="001"><dimSize Sync="TRUE">6460</dimSize><dimResol><value Sync="TRUE" uom="Degree">0.000278</value></dimResol></axisDimension><ptInPixel><PixOrientCd Sync="TRUE" value="001"/></ptInPixel></Georect></spatRepInfo><contInfo><ImgDesc><contentTyp><ContentTypCd Sync="TRUE" value="001"/></contentTyp><covDim><Band><dimDescrp Sync="TRUE">Band_1</dimDescrp><bitsPerVal Sync="TRUE">16</bitsPerVal><valUnit><UOM type="length"/></valUnit><maxVal Sync="TRUE">4501.000000</maxVal><minVal Sync="TRUE">914.000000</minVal></Band></covDim></ImgDesc></contInfo><mdDateSt Sync="TRUE">20150408</mdDateSt><mdContact xmlns=""><rpOrgName>RCMRD</rpOrgName><role><RoleCd value="007"/></role></mdContact><mdFileID>d0d781d6-9914-4be3-915e-b64e2bcc7da6</mdFileID><MetaID>d0d781d6-9914-4be3-915e-b64e2bcc7da6</MetaID></metadata>
